family_id,assigned_day
0,76
1,82
2,100
3,2
4,56
5,60
6,99
7,48
8,18
9,88
10,96
11,44
12,98
13,54
14,79
15,22
16,50
17,47
18,75
19,3
20,3
21,56
22,92
23,19
24,75
25,16
26,58
27,65
28,81
29,89
30,68
31,74
32,24
33,32
34,46
35,98
36,47
37,15
38,13
39,10
40,81
41,31
42,81
43,11
44,49
45,55
46,15
47,45
48,79
49,33
50,67
51,28
52,53
53,37
54,69
55,91
56,84
57,31
58,74
59,39
60,98
61,18
62,1
63,31
64,3
65,20
66,66
67,94
68,89
69,55
70,32
71,71
72,66
73,18
74,82
75,72
76,46
77,20
78,52
79,37
80,18
81,17
82,32
83,88
84,9
85,70
86,29
87,25
88,57
89,23
90,54
91,17
92,85
93,43
94,47
95,24
96,75
97,96
98,73
99,39
100,39
101,53
102,29
103,68
104,85
105,45
106,34
107,41
108,34
109,75
110,53
111,68
112,60
113,18
114,92
115,22
116,77
117,69
118,69
119,4
120,56
121,55
122,24
123,95
124,14
125,47
126,40
127,2
128,27
129,43
130,16
131,11
132,76
133,54
134,18
135,5
136,40
137,82
138,59
139,89
140,61
141,89
142,26
143,38
144,28
145,18
146,64
147,28
148,63
149,61
150,72
151,3
152,88
153,3
154,91
155,100
156,95
157,87
158,2
159,55
160,40
161,43
162,68
163,35
164,65
165,97
166,14
167,86
168,84
169,67
170,12
171,73
172,21
173,68
174,34
175,17
176,52
177,74
178,80
179,26
180,40
181,7
182,94
183,17
184,4
185,80
186,50
187,43
188,10
189,1
190,9
191,54
192,77
193,35
194,95
195,55
196,26
197,44
198,81
199,51
200,26
201,47
202,23
203,38
204,11
205,99
206,28
207,47
208,34
209,9
210,23
211,67
212,10
213,18
214,31
215,17
216,43
217,80
218,38
219,68
220,27
221,17
222,36
223,69
224,4
225,61
226,59
227,49
228,87
229,48
230,57
231,48
232,47
233,87
234,100
235,98
236,37
237,3
238,64
239,14
240,33
241,60
242,97
243,80
244,76
245,4
246,50
247,66
248,33
249,75
250,7
251,75
252,18
253,73
254,28
255,12
256,93
257,74
258,92
259,60
260,25
261,67
262,32
263,48
264,97
265,11
266,32
267,74
268,39
269,30
270,67
271,59
272,43
273,38
274,8
275,15
276,79
277,3
278,54
279,38
280,89
281,91
282,82
283,73
284,95
285,84
286,54
287,85
288,63
289,66
290,25
291,93
292,100
293,23
294,46
295,2
296,50
297,48
298,50
299,32
300,5
301,45
302,39
303,27
304,86
305,58
306,2
307,1
308,35
309,19
310,89
311,72
312,43
313,17
314,57
315,36
316,53
317,25
318,49
319,10
320,7
321,95
322,82
323,48
324,87
325,20
326,26
327,46
328,10
329,19
330,93
331,17
332,10
333,23
334,22
335,68
336,89
337,90
338,74
339,78
340,13
341,58
342,64
343,89
344,93
345,66
346,24
347,59
348,1
349,19
350,57
351,55
352,93
353,25
354,87
355,53
356,51
357,25
358,11
359,90
360,99
361,15
362,81
363,12
364,99
365,53
366,93
367,98
368,76
369,45
370,13
371,26
372,96
373,61
374,75
375,6
376,26
377,41
378,25
379,65
380,69
381,27
382,48
383,12
384,3
385,29
386,66
387,9
388,32
389,54
390,40
391,75
392,60
393,15
394,11
395,8
396,75
397,76
398,37
399,5
400,63
401,52
402,25
403,86
404,48
405,54
406,3
407,68
408,21
409,81
410,81
411,91
412,65
413,80
414,26
415,24
416,96
417,10
418,32
419,26
420,60
421,87
422,83
423,74
424,4
425,30
426,84
427,24
428,40
429,2
430,48
431,12
432,28
433,1
434,98
435,31
436,33
437,38
438,38
439,74
440,91
441,8
442,29
443,14
444,61
445,100
446,27
447,19
448,49
449,18
450,60
451,33
452,87
453,51
454,46
455,1
456,94
457,70
458,46
459,66
460,30
461,27
462,80
463,71
464,46
465,46
466,36
467,3
468,54
469,93
470,17
471,79
472,63
473,99
474,22
475,33
476,86
477,60
478,5
479,34
480,1
481,13
482,30
483,78
484,87
485,30
486,11
487,60
488,7
489,16
490,28
491,73
492,95
493,16
494,95
495,56
496,63
497,16
498,45
499,83
500,27
501,21
502,56
503,22
504,81
505,16
506,38
507,47
508,35
509,37
510,82
511,43
512,58
513,64
514,3
515,14
516,79
517,60
518,24
519,24
520,4
521,68
522,32
523,4
524,74
525,98
526,59
527,16
528,91
529,41
530,61
531,45
532,4
533,26
534,14
535,12
536,91
537,23
538,83
539,9
540,31
541,60
542,22
543,53
544,16
545,79
546,80
547,60
548,1
549,44
550,73
551,3
552,35
553,45
554,53
555,73
556,26
557,94
558,18
559,47
560,18
561,20
562,89
563,47
564,82
565,91
566,45
567,96
568,2
569,25
570,11
571,98
572,62
573,19
574,63
575,94
576,81
577,6
578,18
579,77
580,49
581,42
582,20
583,35
584,77
585,4
586,67
587,40
588,51
589,93
590,43
591,65
592,40
593,23
594,61
595,69
596,88
597,81
598,47
599,43
600,15
601,2
602,84
603,1
604,7
605,87
606,81
607,81
608,94
609,94
610,51
611,57
612,10
613,96
614,61
615,58
616,44
617,100
618,2
619,42
620,52
621,9
622,84
623,96
624,78
625,77
626,96
627,3
628,97
629,62
630,95
631,10
632,29
633,10
634,16
635,30
636,80
637,40
638,16
639,30
640,43
641,61
642,73
643,12
644,19
645,10
646,48
647,57
648,38
649,65
650,47
651,46
652,16
653,95
654,10
655,73
656,68
657,48
658,35
659,69
660,54
661,31
662,18
663,6
664,24
665,28
666,48
667,81
668,91
669,61
670,18
671,67
672,44
673,17
674,76
675,64
676,4
677,83
678,32
679,23
680,27
681,61
682,15
683,40
684,26
685,46
686,83
687,51
688,88
689,67
690,38
691,8
692,13
693,8
694,100
695,8
696,46
697,85
698,10
699,35
700,14
701,8
702,7
703,66
704,77
705,14
706,95
707,83
708,46
709,39
710,39
711,14
712,36
713,84
714,55
715,33
716,49
717,66
718,30
719,32
720,93
721,45
722,19
723,92
724,81
725,69
726,18
727,3
728,6
729,83
730,55
731,68
732,10
733,50
734,8
735,75
736,80
737,86
738,50
739,65
740,61
741,81
742,15
743,11
744,41
745,8
746,6
747,25
748,46
749,65
750,96
751,54
752,4
753,30
754,36
755,12
756,61
757,73
758,22
759,97
760,23
761,48
762,87
763,79
764,46
765,32
766,16
767,82
768,87
769,76
770,5
771,91
772,62
773,2
774,26
775,99
776,74
777,46
778,34
779,67
780,77
781,9
782,67
783,52
784,63
785,56
786,96
787,6
788,19
789,52
790,59
791,5
792,88
793,100
794,8
795,30
796,81
797,3
798,35
799,3
800,57
801,87
802,3
803,75
804,57
805,1
806,49
807,72
808,90
809,2
810,69
811,75
812,95
813,53
814,27
815,73
816,54
817,71
818,4
819,38
820,71
821,36
822,34
823,35
824,60
825,29
826,87
827,5
828,80
829,70
830,36
831,8
832,41
833,1
834,56
835,8
836,83
837,69
838,21
839,12
840,24
841,92
842,69
843,71
844,81
845,60
846,47
847,95
848,39
849,50
850,19
851,13
852,31
853,36
854,14
855,51
856,70
857,95
858,60
859,9
860,55
861,57
862,59
863,82
864,4
865,19
866,78
867,3
868,33
869,11
870,53
871,94
872,11
873,2
874,23
875,72
876,5
877,49
878,75
879,65
880,53
881,41
882,77
883,82
884,33
885,6
886,81
887,83
888,35
889,99
890,65
891,95
892,17
893,63
894,78
895,84
896,29
897,64
898,26
899,6
900,73
901,7
902,33
903,19
904,98
905,5
906,73
907,34
908,95
909,52
910,46
911,10
912,91
913,1
914,97
915,1
916,81
917,60
918,51
919,99
920,25
921,31
922,100
923,96
924,43
925,71
926,33
927,74
928,10
929,18
930,2
931,35
932,12
933,73
934,38
935,38
936,31
937,27
938,92
939,45
940,31
941,23
942,57
943,92
944,87
945,74
946,54
947,28
948,38
949,86
950,98
951,8
952,54
953,46
954,80
955,63
956,66
957,50
958,24
959,42
960,50
961,38
962,44
963,33
964,1
965,61
966,59
967,40
968,2
969,86
970,97
971,5
972,90
973,82
974,44
975,61
976,18
977,54
978,51
979,94
980,38
981,2
982,14
983,96
984,2
985,44
986,82
987,64
988,86
989,97
990,50
991,69
992,54
993,2
994,39
995,35
996,57
997,50
998,3
999,80
1000,30
1001,20
1002,46
1003,29
1004,8
1005,31
1006,21
1007,12
1008,73
1009,85
1010,99
1011,24
1012,77
1013,11
1014,52
1015,17
1016,9
1017,5
1018,16
1019,75
1020,90
1021,75
1022,73
1023,60
1024,10
1025,71
1026,16
1027,70
1028,13
1029,41
1030,59
1031,94
1032,5
1033,72
1034,58
1035,77
1036,7
1037,86
1038,94
1039,66
1040,23
1041,96
1042,15
1043,16
1044,68
1045,73
1046,54
1047,15
1048,17
1049,31
1050,81
1051,59
1052,9
1053,84
1054,98
1055,81
1056,55
1057,17
1058,98
1059,1
1060,23
1061,65
1062,24
1063,98
1064,18
1065,88
1066,2
1067,75
1068,3
1069,98
1070,49
1071,94
1072,32
1073,32
1074,86
1075,1
1076,26
1077,14
1078,28
1079,59
1080,18
1081,68
1082,76
1083,96
1084,62
1085,31
1086,20
1087,22
1088,92
1089,60
1090,91
1091,56
1092,62
1093,48
1094,62
1095,19
1096,26
1097,55
1098,16
1099,59
1100,67
1101,68
1102,62
1103,28
1104,3
1105,45
1106,93
1107,75
1108,25
1109,22
1110,90
1111,100
1112,39
1113,62
1114,63
1115,31
1116,91
1117,7
1118,73
1119,34
1120,33
1121,97
1122,64
1123,26
1124,84
1125,26
1126,21
1127,68
1128,14
1129,1
1130,3
1131,24
1132,46
1133,3
1134,32
1135,67
1136,32
1137,76
1138,17
1139,42
1140,52
1141,87
1142,3
1143,87
1144,3
1145,53
1146,81
1147,47
1148,41
1149,74
1150,23
1151,25
1152,64
1153,17
1154,99
1155,75
1156,96
1157,15
1158,92
1159,17
1160,96
1161,60
1162,65
1163,18
1164,46
1165,64
1166,36
1167,61
1168,17
1169,1
1170,16
1171,80
1172,2
1173,88
1174,40
1175,60
1176,54
1177,89
1178,74
1179,69
1180,11
1181,56
1182,11
1183,66
1184,92
1185,52
1186,9
1187,69
1188,82
1189,94
1190,97
1191,75
1192,71
1193,4
1194,63
1195,43
1196,67
1197,5
1198,84
1199,16
1200,16
1201,75
1202,53
1203,100
1204,56
1205,9
1206,33
1207,63
1208,43
1209,74
1210,53
1211,60
1212,88
1213,50
1214,3
1215,94
1216,91
1217,41
1218,11
1219,78
1220,54
1221,77
1222,70
1223,58
1224,8
1225,75
1226,10
1227,18
1228,70
1229,21
1230,40
1231,87
1232,67
1233,84
1234,52
1235,64
1236,82
1237,43
1238,96
1239,50
1240,4
1241,60
1242,14
1243,58
1244,94
1245,10
1246,2
1247,79
1248,39
1249,39
1250,38
1251,29
1252,29
1253,72
1254,37
1255,89
1256,73
1257,88
1258,93
1259,70
1260,86
1261,99
1262,92
1263,91
1264,1
1265,5
1266,37
1267,23
1268,54
1269,29
1270,86
1271,95
1272,89
1273,55
1274,7
1275,5
1276,7
1277,49
1278,82
1279,57
1280,9
1281,76
1282,81
1283,29
1284,2
1285,38
1286,97
1287,11
1288,3
1289,39
1290,52
1291,34
1292,35
1293,77
1294,75
1295,95
1296,7
1297,96
1298,37
1299,11
1300,40
1301,9
1302,27
1303,80
1304,54
1305,65
1306,52
1307,60
1308,58
1309,57
1310,46
1311,28
1312,71
1313,88
1314,2
1315,31
1316,89
1317,26
1318,98
1319,43
1320,54
1321,19
1322,52
1323,96
1324,92
1325,23
1326,69
1327,14
1328,53
1329,5
1330,90
1331,92
1332,82
1333,53
1334,55
1335,89
1336,43
1337,78
1338,85
1339,77
1340,23
1341,67
1342,88
1343,34
1344,24
1345,32
1346,28
1347,5
1348,30
1349,54
1350,19
1351,81
1352,39
1353,29
1354,6
1355,54
1356,49
1357,82
1358,38
1359,64
1360,98
1361,3
1362,83
1363,76
1364,41
1365,91
1366,14
1367,2
1368,26
1369,1
1370,43
1371,85
1372,22
1373,3
1374,4
1375,32
1376,71
1377,18
1378,64
1379,23
1380,80
1381,52
1382,3
1383,26
1384,62
1385,87
1386,10
1387,5
1388,63
1389,74
1390,42
1391,74
1392,53
1393,60
1394,99
1395,17
1396,90
1397,2
1398,73
1399,86
1400,22
1401,72
1402,59
1403,63
1404,27
1405,53
1406,90
1407,44
1408,45
1409,85
1410,53
1411,76
1412,86
1413,99
1414,95
1415,97
1416,80
1417,73
1418,42
1419,9
1420,59
1421,23
1422,91
1423,2
1424,99
1425,80
1426,43
1427,43
1428,45
1429,65
1430,20
1431,49
1432,33
1433,100
1434,16
1435,99
1436,96
1437,77
1438,41
1439,57
1440,23
1441,37
1442,26
1443,3
1444,81
1445,46
1446,7
1447,11
1448,89
1449,51
1450,66
1451,50
1452,65
1453,76
1454,25
1455,58
1456,8
1457,88
1458,20
1459,53
1460,2
1461,58
1462,40
1463,96
1464,57
1465,87
1466,64
1467,20
1468,100
1469,88
1470,33
1471,48
1472,94
1473,60
1474,19
1475,94
1476,69
1477,97
1478,65
1479,88
1480,36
1481,80
1482,23
1483,85
1484,73
1485,67
1486,62
1487,64
1488,54
1489,40
1490,82
1491,97
1492,41
1493,41
1494,46
1495,80
1496,49
1497,20
1498,96
1499,64
1500,83
1501,96
1502,84
1503,3
1504,17
1505,66
1506,19
1507,18
1508,51
1509,32
1510,5
1511,28
1512,48
1513,40
1514,95
1515,77
1516,4
1517,8
1518,27
1519,75
1520,48
1521,20
1522,84
1523,33
1524,11
1525,52
1526,20
1527,47
1528,65
1529,46
1530,33
1531,26
1532,47
1533,99
1534,71
1535,18
1536,54
1537,49
1538,16
1539,52
1540,99
1541,15
1542,22
1543,16
1544,84
1545,80
1546,52
1547,47
1548,59
1549,25
1550,12
1551,7
1552,24
1553,53
1554,83
1555,1
1556,81
1557,39
1558,2
1559,29
1560,88
1561,17
1562,30
1563,6
1564,79
1565,82
1566,15
1567,37
1568,29
1569,52
1570,94
1571,91
1572,81
1573,82
1574,60
1575,59
1576,95
1577,74
1578,26
1579,3
1580,31
1581,98
1582,1
1583,31
1584,9
1585,28
1586,29
1587,88
1588,20
1589,53
1590,45
1591,97
1592,6
1593,66
1594,12
1595,50
1596,95
1597,50
1598,15
1599,87
1600,9
1601,22
1602,7
1603,7
1604,78
1605,7
1606,51
1607,59
1608,5
1609,21
1610,2
1611,68
1612,46
1613,3
1614,61
1615,22
1616,55
1617,24
1618,8
1619,46
1620,40
1621,71
1622,45
1623,14
1624,9
1625,84
1626,54
1627,46
1628,53
1629,70
1630,52
1631,75
1632,30
1633,14
1634,49
1635,95
1636,90
1637,67
1638,39
1639,83
1640,30
1641,12
1642,49
1643,69
1644,72
1645,36
1646,80
1647,68
1648,11
1649,6
1650,21
1651,89
1652,21
1653,97
1654,40
1655,17
1656,31
1657,56
1658,82
1659,82
1660,68
1661,39
1662,18
1663,19
1664,10
1665,36
1666,18
1667,53
1668,7
1669,8
1670,32
1671,9
1672,58
1673,39
1674,57
1675,88
1676,27
1677,27
1678,1
1679,26
1680,55
1681,33
1682,40
1683,7
1684,54
1685,50
1686,40
1687,21
1688,87
1689,39
1690,47
1691,78
1692,62
1693,47
1694,45
1695,25
1696,17
1697,43
1698,64
1699,12
1700,73
1701,52
1702,99
1703,69
1704,60
1705,66
1706,71
1707,73
1708,75
1709,56
1710,43
1711,34
1712,12
1713,54
1714,40
1715,17
1716,35
1717,68
1718,10
1719,57
1720,22
1721,43
1722,67
1723,29
1724,60
1725,7
1726,93
1727,95
1728,35
1729,44
1730,2
1731,15
1732,34
1733,11
1734,21
1735,74
1736,28
1737,7
1738,29
1739,62
1740,98
1741,27
1742,48
1743,5
1744,52
1745,74
1746,73
1747,84
1748,67
1749,68
1750,51
1751,69
1752,67
1753,64
1754,4
1755,66
1756,27
1757,100
1758,55
1759,80
1760,59
1761,42
1762,53
1763,92
1764,40
1765,22
1766,24
1767,36
1768,83
1769,24
1770,75
1771,45
1772,94
1773,61
1774,46
1775,79
1776,58
1777,24
1778,35
1779,29
1780,90
1781,1
1782,40
1783,16
1784,60
1785,17
1786,7
1787,49
1788,11
1789,70
1790,74
1791,27
1792,81
1793,12
1794,100
1795,23
1796,74
1797,9
1798,26
1799,54
1800,42
1801,56
1802,48
1803,9
1804,49
1805,96
1806,32
1807,66
1808,31
1809,84
1810,93
1811,67
1812,90
1813,62
1814,82
1815,84
1816,68
1817,45
1818,18
1819,3
1820,92
1821,91
1822,10
1823,75
1824,42
1825,84
1826,73
1827,32
1828,51
1829,79
1830,71
1831,7
1832,11
1833,59
1834,7
1835,88
1836,54
1837,5
1838,61
1839,57
1840,7
1841,10
1842,40
1843,66
1844,75
1845,55
1846,2
1847,82
1848,90
1849,21
1850,70
1851,64
1852,87
1853,4
1854,15
1855,49
1856,67
1857,91
1858,14
1859,91
1860,2
1861,44
1862,26
1863,35
1864,68
1865,37
1866,18
1867,16
1868,7
1869,9
1870,95
1871,76
1872,74
1873,90
1874,76
1875,24
1876,34
1877,32
1878,95
1879,93
1880,18
1881,49
1882,73
1883,29
1884,99
1885,99
1886,9
1887,43
1888,61
1889,85
1890,8
1891,42
1892,87
1893,84
1894,24
1895,95
1896,63
1897,98
1898,45
1899,27
1900,7
1901,97
1902,52
1903,10
1904,32
1905,53
1906,89
1907,33
1908,21
1909,93
1910,34
1911,8
1912,58
1913,53
1914,96
1915,59
1916,98
1917,17
1918,5
1919,84
1920,39
1921,29
1922,39
1923,84
1924,3
1925,72
1926,50
1927,18
1928,56
1929,38
1930,31
1931,4
1932,12
1933,77
1934,25
1935,27
1936,30
1937,69
1938,3
1939,59
1940,100
1941,93
1942,42
1943,6
1944,3
1945,48
1946,73
1947,13
1948,1
1949,61
1950,18
1951,69
1952,79
1953,55
1954,31
1955,26
1956,57
1957,83
1958,23
1959,50
1960,47
1961,32
1962,6
1963,85
1964,18
1965,32
1966,24
1967,15
1968,52
1969,27
1970,7
1971,94
1972,17
1973,65
1974,52
1975,73
1976,82
1977,89
1978,15
1979,97
1980,16
1981,59
1982,45
1983,28
1984,87
1985,73
1986,11
1987,76
1988,99
1989,17
1990,37
1991,97
1992,57
1993,67
1994,93
1995,99
1996,47
1997,4
1998,61
1999,27
2000,38
2001,52
2002,94
2003,19
2004,1
2005,93
2006,36
2007,6
2008,89
2009,7
2010,14
2011,28
2012,87
2013,14
2014,74
2015,22
2016,25
2017,37
2018,96
2019,94
2020,2
2021,88
2022,60
2023,48
2024,74
2025,25
2026,91
2027,36
2028,16
2029,2
2030,98
2031,54
2032,23
2033,47
2034,43
2035,99
2036,63
2037,94
2038,15
2039,22
2040,24
2041,80
2042,27
2043,35
2044,9
2045,43
2046,55
2047,99
2048,92
2049,94
2050,87
2051,72
2052,32
2053,62
2054,59
2055,10
2056,74
2057,55
2058,92
2059,53
2060,50
2061,4
2062,8
2063,38
2064,37
2065,39
2066,68
2067,8
2068,28
2069,35
2070,45
2071,60
2072,85
2073,4
2074,99
2075,52
2076,78
2077,9
2078,63
2079,68
2080,27
2081,37
2082,17
2083,99
2084,44
2085,19
2086,3
2087,54
2088,25
2089,43
2090,63
2091,67
2092,67
2093,22
2094,46
2095,82
2096,27
2097,71
2098,5
2099,64
2100,34
2101,4
2102,46
2103,36
2104,88
2105,30
2106,16
2107,27
2108,21
2109,15
2110,80
2111,29
2112,66
2113,14
2114,38
2115,87
2116,13
2117,27
2118,19
2119,42
2120,53
2121,50
2122,33
2123,61
2124,68
2125,55
2126,61
2127,52
2128,38
2129,63
2130,6
2131,40
2132,26
2133,57
2134,42
2135,72
2136,8
2137,88
2138,18
2139,74
2140,68
2141,56
2142,96
2143,36
2144,84
2145,75
2146,32
2147,67
2148,40
2149,48
2150,41
2151,55
2152,9
2153,77
2154,16
2155,99
2156,77
2157,29
2158,64
2159,26
2160,29
2161,74
2162,70
2163,94
2164,17
2165,88
2166,87
2167,44
2168,95
2169,8
2170,81
2171,69
2172,13
2173,33
2174,59
2175,30
2176,31
2177,18
2178,96
2179,15
2180,71
2181,40
2182,53
2183,43
2184,61
2185,16
2186,67
2187,30
2188,44
2189,53
2190,74
2191,48
2192,90
2193,7
2194,86
2195,93
2196,94
2197,55
2198,97
2199,98
2200,93
2201,33
2202,16
2203,98
2204,57
2205,86
2206,36
2207,69
2208,80
2209,95
2210,10
2211,20
2212,86
2213,71
2214,93
2215,33
2216,58
2217,41
2218,35
2219,19
2220,65
2221,6
2222,60
2223,63
2224,52
2225,58
2226,49
2227,66
2228,47
2229,3
2230,20
2231,43
2232,8
2233,56
2234,52
2235,47
2236,32
2237,21
2238,83
2239,19
2240,99
2241,59
2242,5
2243,10
2244,68
2245,30
2246,44
2247,75
2248,97
2249,78
2250,80
2251,18
2252,33
2253,8
2254,8
2255,98
2256,14
2257,65
2258,29
2259,1
2260,66
2261,14
2262,11
2263,33
2264,91
2265,7
2266,40
2267,21
2268,55
2269,32
2270,55
2271,70
2272,24
2273,33
2274,79
2275,24
2276,28
2277,24
2278,73
2279,77
2280,82
2281,16
2282,16
2283,33
2284,79
2285,21
2286,63
2287,72
2288,33
2289,61
2290,95
2291,30
2292,45
2293,47
2294,45
2295,91
2296,15
2297,55
2298,64
2299,13
2300,85
2301,45
2302,75
2303,81
2304,93
2305,39
2306,83
2307,23
2308,40
2309,58
2310,21
2311,4
2312,70
2313,24
2314,39
2315,35
2316,31
2317,4
2318,87
2319,73
2320,23
2321,13
2322,87
2323,68
2324,18
2325,25
2326,23
2327,10
2328,74
2329,78
2330,94
2331,84
2332,14
2333,30
2334,33
2335,97
2336,58
2337,41
2338,16
2339,47
2340,100
2341,13
2342,5
2343,59
2344,94
2345,6
2346,74
2347,40
2348,100
2349,24
2350,19
2351,44
2352,81
2353,35
2354,82
2355,59
2356,6
2357,44
2358,48
2359,79
2360,84
2361,78
2362,11
2363,82
2364,55
2365,94
2366,40
2367,31
2368,10
2369,30
2370,15
2371,20
2372,35
2373,61
2374,19
2375,100
2376,45
2377,47
2378,20
2379,60
2380,60
2381,95
2382,86
2383,61
2384,72
2385,7
2386,46
2387,80
2388,26
2389,30
2390,67
2391,14
2392,51
2393,83
2394,78
2395,24
2396,20
2397,45
2398,32
2399,10
2400,73
2401,20
2402,62
2403,46
2404,2
2405,25
2406,63
2407,71
2408,18
2409,62
2410,26
2411,80
2412,8
2413,75
2414,92
2415,1
2416,57
2417,51
2418,78
2419,87
2420,52
2421,50
2422,72
2423,12
2424,96
2425,3
2426,67
2427,50
2428,53
2429,12
2430,45
2431,42
2432,39
2433,56
2434,13
2435,14
2436,48
2437,97
2438,55
2439,35
2440,83
2441,22
2442,5
2443,29
2444,1
2445,96
2446,50
2447,54
2448,27
2449,19
2450,58
2451,62
2452,59
2453,31
2454,12
2455,48
2456,60
2457,41
2458,58
2459,89
2460,1
2461,2
2462,67
2463,16
2464,4
2465,31
2466,66
2467,90
2468,60
2469,26
2470,45
2471,3
2472,39
2473,51
2474,12
2475,68
2476,75
2477,86
2478,98
2479,58
2480,60
2481,62
2482,53
2483,5
2484,19
2485,28
2486,16
2487,12
2488,96
2489,74
2490,47
2491,96
2492,82
2493,73
2494,97
2495,12
2496,67
2497,82
2498,27
2499,46
2500,53
2501,77
2502,20
2503,37
2504,20
2505,90
2506,75
2507,66
2508,38
2509,9
2510,23
2511,10
2512,30
2513,11
2514,59
2515,61
2516,81
2517,17
2518,24
2519,2
2520,11
2521,58
2522,9
2523,53
2524,7
2525,29
2526,26
2527,42
2528,90
2529,64
2530,3
2531,98
2532,38
2533,41
2534,41
2535,88
2536,68
2537,94
2538,65
2539,59
2540,59
2541,53
2542,85
2543,95
2544,61
2545,33
2546,80
2547,7
2548,94
2549,80
2550,5
2551,20
2552,91
2553,11
2554,3
2555,59
2556,71
2557,74
2558,34
2559,26
2560,12
2561,16
2562,88
2563,80
2564,88
2565,33
2566,21
2567,9
2568,50
2569,29
2570,21
2571,12
2572,21
2573,45
2574,8
2575,10
2576,86
2577,71
2578,41
2579,81
2580,83
2581,10
2582,73
2583,19
2584,27
2585,98
2586,67
2587,37
2588,40
2589,32
2590,53
2591,9
2592,39
2593,87
2594,31
2595,31
2596,54
2597,2
2598,45
2599,10
2600,2
2601,10
2602,51
2603,10
2604,61
2605,26
2606,89
2607,85
2608,75
2609,72
2610,79
2611,71
2612,59
2613,9
2614,58
2615,53
2616,48
2617,59
2618,21
2619,25
2620,88
2621,78
2622,46
2623,16
2624,47
2625,33
2626,43
2627,26
2628,92
2629,59
2630,79
2631,19
2632,23
2633,90
2634,59
2635,76
2636,15
2637,30
2638,20
2639,63
2640,8
2641,63
2642,5
2643,85
2644,6
2645,42
2646,37
2647,59
2648,33
2649,1
2650,3
2651,2
2652,98
2653,89
2654,45
2655,6
2656,81
2657,24
2658,40
2659,31
2660,25
2661,16
2662,44
2663,24
2664,57
2665,80
2666,35
2667,85
2668,29
2669,19
2670,46
2671,33
2672,65
2673,73
2674,18
2675,100
2676,27
2677,50
2678,74
2679,29
2680,61
2681,89
2682,97
2683,75
2684,51
2685,67
2686,37
2687,97
2688,97
2689,48
2690,12
2691,80
2692,58
2693,28
2694,90
2695,47
2696,44
2697,19
2698,55
2699,63
2700,31
2701,31
2702,89
2703,44
2704,69
2705,61
2706,25
2707,90
2708,60
2709,68
2710,1
2711,13
2712,20
2713,94
2714,15
2715,100
2716,88
2717,6
2718,62
2719,11
2720,51
2721,5
2722,52
2723,58
2724,65
2725,52
2726,24
2727,28
2728,94
2729,52
2730,54
2731,22
2732,24
2733,25
2734,39
2735,28
2736,36
2737,1
2738,96
2739,51
2740,5
2741,97
2742,96
2743,26
2744,68
2745,68
2746,67
2747,58
2748,91
2749,31
2750,9
2751,98
2752,98
2753,85
2754,25
2755,96
2756,67
2757,14
2758,86
2759,97
2760,9
2761,53
2762,88
2763,31
2764,83
2765,29
2766,67
2767,95
2768,70
2769,74
2770,28
2771,86
2772,91
2773,8
2774,74
2775,5
2776,22
2777,16
2778,59
2779,19
2780,87
2781,34
2782,79
2783,34
2784,74
2785,27
2786,2
2787,40
2788,1
2789,87
2790,44
2791,20
2792,25
2793,47
2794,75
2795,48
2796,83
2797,61
2798,88
2799,73
2800,85
2801,47
2802,62
2803,73
2804,35
2805,18
2806,40
2807,51
2808,34
2809,29
2810,34
2811,24
2812,44
2813,25
2814,9
2815,20
2816,21
2817,82
2818,82
2819,84
2820,8
2821,55
2822,88
2823,15
2824,70
2825,49
2826,46
2827,39
2828,24
2829,67
2830,41
2831,33
2832,72
2833,84
2834,84
2835,19
2836,29
2837,89
2838,73
2839,3
2840,77
2841,70
2842,45
2843,20
2844,20
2845,10
2846,71
2847,36
2848,60
2849,19
2850,53
2851,61
2852,47
2853,7
2854,74
2855,16
2856,29
2857,60
2858,88
2859,81
2860,19
2861,59
2862,66
2863,18
2864,60
2865,69
2866,3
2867,38
2868,3
2869,18
2870,83
2871,1
2872,61
2873,74
2874,11
2875,16
2876,76
2877,53
2878,59
2879,28
2880,18
2881,100
2882,31
2883,74
2884,91
2885,14
2886,89
2887,60
2888,22
2889,17
2890,76
2891,46
2892,70
2893,13
2894,82
2895,89
2896,71
2897,97
2898,24
2899,10
2900,1
2901,94
2902,27
2903,80
2904,43
2905,28
2906,40
2907,5
2908,13
2909,82
2910,59
2911,95
2912,74
2913,47
2914,91
2915,94
2916,32
2917,28
2918,39
2919,88
2920,81
2921,82
2922,13
2923,90
2924,73
2925,84
2926,52
2927,81
2928,72
2929,11
2930,74
2931,55
2932,74
2933,45
2934,20
2935,70
2936,82
2937,58
2938,69
2939,13
2940,95
2941,99
2942,75
2943,66
2944,2
2945,3
2946,96
2947,47
2948,12
2949,24
2950,34
2951,28
2952,86
2953,61
2954,48
2955,65
2956,26
2957,28
2958,4
2959,45
2960,9
2961,42
2962,69
2963,86
2964,11
2965,83
2966,29
2967,97
2968,61
2969,79
2970,30
2971,29
2972,40
2973,38
2974,55
2975,69
2976,51
2977,15
2978,39
2979,32
2980,18
2981,47
2982,38
2983,83
2984,78
2985,75
2986,8
2987,76
2988,99
2989,36
2990,2
2991,4
2992,8
2993,2
2994,27
2995,77
2996,78
2997,34
2998,42
2999,98
3000,31
3001,63
3002,13
3003,13
3004,7
3005,94
3006,18
3007,37
3008,35
3009,84
3010,23
3011,12
3012,81
3013,44
3014,68
3015,29
3016,45
3017,25
3018,73
3019,94
3020,89
3021,40
3022,100
3023,36
3024,67
3025,81
3026,96
3027,85
3028,93
3029,58
3030,92
3031,28
3032,37
3033,52
3034,82
3035,67
3036,70
3037,94
3038,92
3039,49
3040,67
3041,67
3042,37
3043,73
3044,47
3045,12
3046,5
3047,75
3048,17
3049,22
3050,60
3051,96
3052,14
3053,77
3054,56
3055,17
3056,69
3057,4
3058,23
3059,41
3060,38
3061,47
3062,68
3063,69
3064,73
3065,66
3066,28
3067,9
3068,27
3069,3
3070,41
3071,19
3072,93
3073,83
3074,80
3075,49
3076,26
3077,14
3078,61
3079,49
3080,88
3081,14
3082,55
3083,1
3084,45
3085,54
3086,93
3087,96
3088,78
3089,70
3090,65
3091,96
3092,25
3093,23
3094,27
3095,52
3096,76
3097,73
3098,86
3099,83
3100,84
3101,79
3102,8
3103,68
3104,29
3105,73
3106,45
3107,11
3108,91
3109,17
3110,72
3111,73
3112,39
3113,69
3114,27
3115,85
3116,17
3117,32
3118,5
3119,86
3120,14
3121,66
3122,71
3123,77
3124,46
3125,14
3126,16
3127,2
3128,68
3129,48
3130,2
3131,99
3132,7
3133,94
3134,88
3135,99
3136,4
3137,39
3138,23
3139,50
3140,9
3141,90
3142,41
3143,89
3144,96
3145,27
3146,13
3147,9
3148,38
3149,77
3150,39
3151,12
3152,76
3153,26
3154,44
3155,51
3156,91
3157,79
3158,68
3159,62
3160,74
3161,100
3162,62
3163,63
3164,93
3165,95
3166,44
3167,39
3168,69
3169,61
3170,13
3171,71
3172,39
3173,1
3174,1
3175,81
3176,28
3177,7
3178,40
3179,94
3180,26
3181,71
3182,96
3183,9
3184,100
3185,45
3186,92
3187,85
3188,12
3189,47
3190,39
3191,15
3192,55
3193,54
3194,66
3195,16
3196,43
3197,54
3198,46
3199,64
3200,26
3201,92
3202,87
3203,100
3204,99
3205,1
3206,12
3207,7
3208,20
3209,56
3210,25
3211,28
3212,88
3213,28
3214,82
3215,25
3216,27
3217,77
3218,59
3219,55
3220,59
3221,95
3222,89
3223,25
3224,47
3225,68
3226,93
3227,80
3228,66
3229,38
3230,72
3231,33
3232,100
3233,18
3234,73
3235,24
3236,53
3237,25
3238,89
3239,27
3240,53
3241,80
3242,25
3243,78
3244,14
3245,51
3246,87
3247,7
3248,78
3249,11
3250,93
3251,62
3252,83
3253,73
3254,25
3255,73
3256,59
3257,31
3258,6
3259,28
3260,10
3261,38
3262,13
3263,6
3264,5
3265,12
3266,61
3267,62
3268,82
3269,18
3270,61
3271,26
3272,85
3273,77
3274,91
3275,8
3276,31
3277,75
3278,23
3279,72
3280,78
3281,45
3282,55
3283,66
3284,21
3285,17
3286,74
3287,60
3288,10
3289,12
3290,46
3291,90
3292,47
3293,20
3294,82
3295,84
3296,57
3297,15
3298,12
3299,49
3300,93
3301,9
3302,54
3303,52
3304,61
3305,14
3306,11
3307,50
3308,22
3309,10
3310,27
3311,36
3312,10
3313,77
3314,66
3315,1
3316,51
3317,61
3318,55
3319,20
3320,5
3321,65
3322,77
3323,81
3324,29
3325,43
3326,89
3327,37
3328,89
3329,46
3330,62
3331,55
3332,67
3333,53
3334,15
3335,20
3336,43
3337,94
3338,38
3339,76
3340,33
3341,82
3342,24
3343,44
3344,4
3345,46
3346,96
3347,58
3348,17
3349,3
3350,34
3351,85
3352,94
3353,5
3354,32
3355,8
3356,5
3357,29
3358,53
3359,68
3360,40
3361,21
3362,37
3363,20
3364,4
3365,19
3366,15
3367,38
3368,98
3369,43
3370,17
3371,51
3372,55
3373,9
3374,15
3375,17
3376,39
3377,57
3378,40
3379,20
3380,39
3381,29
3382,93
3383,22
3384,76
3385,86
3386,82
3387,11
3388,15
3389,19
3390,95
3391,52
3392,96
3393,47
3394,72
3395,24
3396,96
3397,15
3398,34
3399,44
3400,4
3401,5
3402,72
3403,76
3404,31
3405,51
3406,67
3407,7
3408,25
3409,70
3410,85
3411,29
3412,97
3413,68
3414,40
3415,80
3416,7
3417,46
3418,5
3419,38
3420,41
3421,83
3422,48
3423,25
3424,53
3425,6
3426,77
3427,69
3428,9
3429,17
3430,2
3431,14
3432,6
3433,58
3434,35
3435,87
3436,98
3437,38
3438,45
3439,85
3440,88
3441,39
3442,10
3443,83
3444,66
3445,46
3446,75
3447,52
3448,48
3449,51
3450,72
3451,61
3452,38
3453,19
3454,66
3455,63
3456,54
3457,61
3458,80
3459,83
3460,29
3461,85
3462,79
3463,30
3464,6
3465,85
3466,34
3467,6
3468,39
3469,55
3470,75
3471,46
3472,73
3473,14
3474,49
3475,74
3476,40
3477,71
3478,38
3479,87
3480,83
3481,20
3482,34
3483,75
3484,52
3485,6
3486,37
3487,83
3488,78
3489,85
3490,25
3491,64
3492,25
3493,28
3494,11
3495,95
3496,86
3497,67
3498,24
3499,86
3500,14
3501,6
3502,81
3503,74
3504,85
3505,70
3506,4
3507,32
3508,40
3509,63
3510,24
3511,96
3512,12
3513,87
3514,59
3515,80
3516,80
3517,28
3518,10
3519,4
3520,70
3521,36
3522,65
3523,28
3524,8
3525,34
3526,90
3527,55
3528,3
3529,52
3530,89
3531,94
3532,39
3533,18
3534,13
3535,28
3536,17
3537,23
3538,13
3539,93
3540,23
3541,40
3542,78
3543,75
3544,57
3545,76
3546,58
3547,89
3548,84
3549,68
3550,29
3551,7
3552,62
3553,47
3554,13
3555,57
3556,95
3557,60
3558,27
3559,54
3560,17
3561,78
3562,73
3563,36
3564,40
3565,22
3566,38
3567,16
3568,59
3569,33
3570,100
3571,71
3572,42
3573,14
3574,53
3575,97
3576,61
3577,92
3578,82
3579,93
3580,32
3581,29
3582,8
3583,33
3584,21
3585,77
3586,65
3587,5
3588,87
3589,58
3590,93
3591,59
3592,8
3593,42
3594,65
3595,18
3596,31
3597,80
3598,39
3599,5
3600,8
3601,81
3602,8
3603,94
3604,53
3605,55
3606,9
3607,28
3608,63
3609,83
3610,24
3611,88
3612,47
3613,82
3614,5
3615,18
3616,83
3617,84
3618,47
3619,32
3620,64
3621,18
3622,83
3623,17
3624,77
3625,81
3626,43
3627,39
3628,28
3629,5
3630,64
3631,35
3632,20
3633,66
3634,16
3635,30
3636,59
3637,95
3638,87
3639,17
3640,59
3641,76
3642,19
3643,66
3644,89
3645,94
3646,19
3647,63
3648,36
3649,12
3650,38
3651,72
3652,28
3653,61
3654,39
3655,14
3656,16
3657,22
3658,22
3659,82
3660,78
3661,2
3662,19
3663,83
3664,4
3665,25
3666,40
3667,23
3668,81
3669,48
3670,25
3671,26
3672,23
3673,33
3674,23
3675,51
3676,87
3677,89
3678,14
3679,21
3680,67
3681,17
3682,57
3683,80
3684,28
3685,75
3686,58
3687,91
3688,59
3689,45
3690,18
3691,18
3692,47
3693,46
3694,89
3695,68
3696,62
3697,74
3698,23
3699,19
3700,24
3701,50
3702,62
3703,4
3704,62
3705,33
3706,75
3707,16
3708,16
3709,30
3710,69
3711,76
3712,89
3713,54
3714,44
3715,66
3716,32
3717,74
3718,53
3719,29
3720,84
3721,62
3722,66
3723,50
3724,39
3725,11
3726,27
3727,57
3728,53
3729,100
3730,5
3731,36
3732,4
3733,85
3734,97
3735,79
3736,6
3737,38
3738,80
3739,90
3740,24
3741,94
3742,27
3743,80
3744,72
3745,75
3746,99
3747,55
3748,80
3749,85
3750,15
3751,53
3752,36
3753,97
3754,69
3755,80
3756,82
3757,77
3758,60
3759,53
3760,100
3761,22
3762,54
3763,34
3764,41
3765,62
3766,11
3767,35
3768,41
3769,3
3770,6
3771,40
3772,4
3773,51
3774,22
3775,20
3776,95
3777,16
3778,32
3779,18
3780,88
3781,58
3782,99
3783,46
3784,88
3785,82
3786,19
3787,10
3788,72
3789,23
3790,82
3791,43
3792,77
3793,43
3794,47
3795,20
3796,96
3797,13
3798,89
3799,65
3800,19
3801,23
3802,36
3803,95
3804,56
3805,27
3806,55
3807,8
3808,33
3809,45
3810,45
3811,7
3812,61
3813,75
3814,54
3815,70
3816,35
3817,80
3818,80
3819,91
3820,59
3821,25
3822,40
3823,10
3824,84
3825,100
3826,60
3827,34
3828,87
3829,68
3830,8
3831,73
3832,53
3833,38
3834,3
3835,66
3836,41
3837,90
3838,63
3839,19
3840,35
3841,44
3842,27
3843,40
3844,85
3845,42
3846,17
3847,89
3848,24
3849,61
3850,11
3851,79
3852,34
3853,38
3854,7
3855,74
3856,90
3857,3
3858,49
3859,95
3860,29
3861,26
3862,41
3863,17
3864,25
3865,89
3866,10
3867,49
3868,32
3869,9
3870,29
3871,2
3872,16
3873,2
3874,76
3875,1
3876,28
3877,40
3878,91
3879,32
3880,6
3881,12
3882,63
3883,14
3884,58
3885,9
3886,63
3887,15
3888,30
3889,55
3890,83
3891,37
3892,96
3893,2
3894,27
3895,7
3896,20
3897,38
3898,60
3899,60
3900,49
3901,87
3902,45
3903,6
3904,94
3905,61
3906,94
3907,19
3908,1
3909,1
3910,49
3911,61
3912,22
3913,99
3914,68
3915,94
3916,46
3917,2
3918,27
3919,15
3920,31
3921,58
3922,51
3923,95
3924,45
3925,23
3926,39
3927,12
3928,37
3929,38
3930,32
3931,1
3932,90
3933,96
3934,42
3935,94
3936,95
3937,55
3938,20
3939,7
3940,12
3941,80
3942,10
3943,47
3944,1
3945,21
3946,29
3947,34
3948,59
3949,39
3950,55
3951,16
3952,31
3953,68
3954,23
3955,5
3956,32
3957,3
3958,2
3959,37
3960,15
3961,21
3962,81
3963,14
3964,44
3965,97
3966,42
3967,68
3968,7
3969,1
3970,82
3971,88
3972,80
3973,29
3974,79
3975,9
3976,43
3977,62
3978,5
3979,80
3980,45
3981,84
3982,7
3983,24
3984,47
3985,23
3986,50
3987,4
3988,21
3989,89
3990,67
3991,60
3992,46
3993,10
3994,26
3995,37
3996,92
3997,16
3998,20
3999,7
4000,68
4001,25
4002,70
4003,20
4004,23
4005,73
4006,86
4007,77
4008,64
4009,22
4010,30
4011,95
4012,49
4013,52
4014,67
4015,69
4016,99
4017,22
4018,56
4019,73
4020,8
4021,51
4022,77
4023,33
4024,79
4025,88
4026,88
4027,74
4028,67
4029,68
4030,54
4031,34
4032,45
4033,56
4034,92
4035,5
4036,1
4037,86
4038,60
4039,81
4040,11
4041,47
4042,44
4043,20
4044,21
4045,11
4046,32
4047,7
4048,42
4049,60
4050,41
4051,13
4052,61
4053,78
4054,51
4055,86
4056,68
4057,96
4058,48
4059,16
4060,13
4061,4
4062,75
4063,66
4064,8
4065,75
4066,2
4067,24
4068,79
4069,53
4070,44
4071,36
4072,25
4073,44
4074,26
4075,46
4076,80
4077,66
4078,50
4079,38
4080,52
4081,44
4082,96
4083,26
4084,11
4085,44
4086,90
4087,30
4088,24
4089,66
4090,5
4091,73
4092,73
4093,12
4094,4
4095,47
4096,52
4097,81
4098,5
4099,68
4100,39
4101,3
4102,9
4103,59
4104,75
4105,4
4106,62
4107,95
4108,68
4109,51
4110,11
4111,31
4112,2
4113,52
4114,29
4115,8
4116,17
4117,63
4118,14
4119,8
4120,12
4121,84
4122,44
4123,42
4124,69
4125,68
4126,11
4127,1
4128,22
4129,76
4130,14
4131,69
4132,91
4133,12
4134,95
4135,93
4136,49
4137,1
4138,27
4139,62
4140,82
4141,35
4142,22
4143,62
4144,21
4145,96
4146,19
4147,17
4148,41
4149,91
4150,67
4151,69
4152,51
4153,32
4154,19
4155,17
4156,69
4157,42
4158,28
4159,4
4160,66
4161,32
4162,61
4163,29
4164,90
4165,79
4166,76
4167,61
4168,97
4169,71
4170,13
4171,57
4172,14
4173,47
4174,31
4175,93
4176,86
4177,42
4178,39
4179,80
4180,2
4181,24
4182,16
4183,40
4184,61
4185,14
4186,14
4187,97
4188,8
4189,48
4190,33
4191,1
4192,62
4193,81
4194,56
4195,100
4196,24
4197,94
4198,62
4199,71
4200,55
4201,22
4202,99
4203,4
4204,24
4205,95
4206,68
4207,69
4208,47
4209,83
4210,67
4211,78
4212,83
4213,85
4214,55
4215,58
4216,67
4217,62
4218,59
4219,73
4220,20
4221,60
4222,43
4223,45
4224,86
4225,25
4226,88
4227,18
4228,49
4229,86
4230,7
4231,100
4232,79
4233,32
4234,21
4235,4
4236,79
4237,38
4238,26
4239,84
4240,17
4241,64
4242,70
4243,79
4244,46
4245,45
4246,22
4247,8
4248,63
4249,87
4250,1
4251,64
4252,62
4253,86
4254,31
4255,34
4256,6
4257,23
4258,56
4259,53
4260,77
4261,8
4262,75
4263,78
4264,66
4265,28
4266,28
4267,83
4268,25
4269,76
4270,34
4271,41
4272,4
4273,5
4274,54
4275,21
4276,36
4277,75
4278,67
4279,33
4280,41
4281,18
4282,39
4283,8
4284,39
4285,4
4286,45
4287,80
4288,40
4289,72
4290,13
4291,73
4292,71
4293,58
4294,64
4295,19
4296,63
4297,88
4298,53
4299,35
4300,87
4301,5
4302,67
4303,35
4304,13
4305,74
4306,74
4307,20
4308,19
4309,5
4310,10
4311,20
4312,50
4313,85
4314,12
4315,66
4316,96
4317,31
4318,1
4319,16
4320,12
4321,39
4322,42
4323,69
4324,40
4325,40
4326,42
4327,33
4328,3
4329,44
4330,45
4331,35
4332,7
4333,99
4334,11
4335,32
4336,81
4337,28
4338,22
4339,100
4340,27
4341,91
4342,20
4343,34
4344,74
4345,10
4346,33
4347,89
4348,46
4349,56
4350,87
4351,38
4352,6
4353,55
4354,5
4355,59
4356,70
4357,94
4358,12
4359,49
4360,74
4361,24
4362,38
4363,84
4364,21
4365,30
4366,87
4367,92
4368,67
4369,74
4370,12
4371,53
4372,45
4373,45
4374,89
4375,15
4376,36
4377,18
4378,22
4379,39
4380,61
4381,47
4382,95
4383,48
4384,79
4385,51
4386,63
4387,17
4388,83
4389,52
4390,22
4391,9
4392,18
4393,72
4394,43
4395,19
4396,13
4397,75
4398,29
4399,3
4400,52
4401,17
4402,37
4403,30
4404,93
4405,62
4406,70
4407,84
4408,17
4409,81
4410,95
4411,31
4412,91
4413,82
4414,81
4415,17
4416,30
4417,8
4418,41
4419,11
4420,33
4421,30
4422,69
4423,86
4424,96
4425,79
4426,94
4427,14
4428,9
4429,83
4430,79
4431,67
4432,23
4433,16
4434,76
4435,52
4436,75
4437,93
4438,46
4439,88
4440,77
4441,75
4442,72
4443,52
4444,15
4445,43
4446,91
4447,91
4448,2
4449,77
4450,4
4451,45
4452,50
4453,92
4454,84
4455,90
4456,77
4457,94
4458,50
4459,20
4460,14
4461,11
4462,28
4463,29
4464,94
4465,80
4466,38
4467,71
4468,88
4469,15
4470,35
4471,15
4472,94
4473,80
4474,96
4475,3
4476,14
4477,45
4478,73
4479,25
4480,39
4481,19
4482,13
4483,88
4484,48
4485,86
4486,66
4487,43
4488,13
4489,42
4490,70
4491,35
4492,48
4493,56
4494,27
4495,55
4496,31
4497,57
4498,30
4499,5
4500,1
4501,47
4502,48
4503,4
4504,56
4505,86
4506,91
4507,31
4508,86
4509,28
4510,11
4511,7
4512,54
4513,92
4514,95
4515,5
4516,38
4517,22
4518,45
4519,93
4520,14
4521,9
4522,91
4523,44
4524,29
4525,59
4526,74
4527,79
4528,66
4529,45
4530,99
4531,95
4532,16
4533,82
4534,44
4535,16
4536,59
4537,66
4538,45
4539,48
4540,5
4541,54
4542,66
4543,72
4544,73
4545,46
4546,11
4547,47
4548,14
4549,45
4550,85
4551,38
4552,21
4553,11
4554,71
4555,15
4556,95
4557,89
4558,57
4559,9
4560,27
4561,98
4562,15
4563,14
4564,79
4565,70
4566,42
4567,12
4568,66
4569,77
4570,61
4571,96
4572,59
4573,57
4574,38
4575,12
4576,74
4577,48
4578,99
4579,97
4580,78
4581,12
4582,17
4583,75
4584,38
4585,31
4586,86
4587,4
4588,11
4589,94
4590,81
4591,1
4592,27
4593,80
4594,13
4595,1
4596,12
4597,92
4598,47
4599,76
4600,16
4601,6
4602,82
4603,19
4604,78
4605,38
4606,77
4607,54
4608,95
4609,6
4610,78
4611,61
4612,27
4613,12
4614,1
4615,14
4616,86
4617,52
4618,6
4619,47
4620,88
4621,82
4622,55
4623,68
4624,11
4625,25
4626,80
4627,82
4628,40
4629,100
4630,6
4631,31
4632,66
4633,53
4634,65
4635,18
4636,99
4637,4
4638,62
4639,82
4640,75
4641,78
4642,6
4643,51
4644,46
4645,31
4646,62
4647,35
4648,10
4649,21
4650,52
4651,35
4652,2
4653,21
4654,65
4655,33
4656,95
4657,66
4658,64
4659,28
4660,31
4661,72
4662,18
4663,99
4664,78
4665,43
4666,93
4667,40
4668,22
4669,11
4670,53
4671,6
4672,95
4673,17
4674,10
4675,43
4676,78
4677,3
4678,84
4679,87
4680,51
4681,86
4682,13
4683,96
4684,36
4685,17
4686,55
4687,72
4688,15
4689,7
4690,83
4691,82
4692,20
4693,58
4694,33
4695,88
4696,50
4697,89
4698,54
4699,79
4700,95
4701,15
4702,86
4703,23
4704,7
4705,23
4706,2
4707,47
4708,13
4709,38
4710,32
4711,51
4712,33
4713,12
4714,15
4715,38
4716,45
4717,77
4718,52
4719,30
4720,21
4721,30
4722,41
4723,82
4724,47
4725,95
4726,19
4727,58
4728,98
4729,81
4730,67
4731,40
4732,78
4733,59
4734,37
4735,49
4736,79
4737,6
4738,23
4739,46
4740,3
4741,65
4742,47
4743,1
4744,89
4745,55
4746,41
4747,26
4748,37
4749,80
4750,14
4751,87
4752,37
4753,52
4754,82
4755,59
4756,42
4757,74
4758,74
4759,13
4760,22
4761,68
4762,20
4763,66
4764,27
4765,76
4766,4
4767,29
4768,93
4769,31
4770,6
4771,20
4772,46
4773,45
4774,79
4775,54
4776,8
4777,89
4778,86
4779,92
4780,66
4781,5
4782,79
4783,96
4784,11
4785,42
4786,62
4787,28
4788,98
4789,94
4790,78
4791,73
4792,77
4793,17
4794,63
4795,62
4796,45
4797,6
4798,38
4799,88
4800,4
4801,49
4802,20
4803,91
4804,22
4805,6
4806,95
4807,85
4808,62
4809,73
4810,41
4811,11
4812,32
4813,33
4814,50
4815,46
4816,24
4817,38
4818,58
4819,39
4820,87
4821,33
4822,28
4823,61
4824,66
4825,87
4826,73
4827,44
4828,68
4829,51
4830,3
4831,30
4832,58
4833,76
4834,70
4835,82
4836,57
4837,29
4838,61
4839,36
4840,15
4841,9
4842,17
4843,22
4844,45
4845,89
4846,32
4847,26
4848,97
4849,33
4850,35
4851,12
4852,97
4853,46
4854,56
4855,61
4856,86
4857,60
4858,56
4859,96
4860,68
4861,73
4862,49
4863,59
4864,41
4865,60
4866,93
4867,16
4868,48
4869,60
4870,4
4871,43
4872,90
4873,33
4874,49
4875,19
4876,83
4877,10
4878,55
4879,75
4880,61
4881,78
4882,7
4883,8
4884,41
4885,29
4886,28
4887,87
4888,2
4889,74
4890,18
4891,56
4892,31
4893,5
4894,26
4895,81
4896,34
4897,31
4898,88
4899,78
4900,97
4901,78
4902,88
4903,58
4904,15
4905,36
4906,88
4907,34
4908,72
4909,60
4910,71
4911,26
4912,18
4913,63
4914,39
4915,70
4916,11
4917,11
4918,59
4919,52
4920,62
4921,51
4922,62
4923,11
4924,27
4925,14
4926,67
4927,67
4928,86
4929,3
4930,89
4931,43
4932,41
4933,46
4934,48
4935,89
4936,74
4937,51
4938,42
4939,69
4940,44
4941,25
4942,59
4943,17
4944,37
4945,42
4946,74
4947,39
4948,10
4949,8
4950,38
4951,3
4952,66
4953,39
4954,5
4955,18
4956,73
4957,64
4958,14
4959,37
4960,53
4961,96
4962,8
4963,59
4964,31
4965,14
4966,28
4967,49
4968,94
4969,72
4970,22
4971,8
4972,66
4973,87
4974,15
4975,86
4976,39
4977,55
4978,40
4979,14
4980,71
4981,44
4982,41
4983,17
4984,41
4985,25
4986,82
4987,22
4988,88
4989,92
4990,61
4991,91
4992,90
4993,62
4994,52
4995,16
4996,88
4997,32
4998,77
4999,13
